url,search,item,image_item,card,anchor_id,data-aplus-ae,img,class
https://www.alibaba.com/product-detail/Universal-Crown-Style-Car-Tire-Air_1600471490932.html?priceId=6c7a3585b1934e3885df693710ffce92,searchx-product-e-slider__link,_blank,d_image,area=imgArea&areaContent=mainImg0&target=detail,a2700.galleryofferlistmage.normal_offer.d_i,14,https://s.alicdn.com/@sc04/kf/Hb9dae57de6af415a9ec401a14d6869f16.jpg_300x300.jpg,searchx-product-e-slider__img rank_id_undefined
https://www.alibaba.com/product-detail/Wholesale-Custom-Small-Refill-Perfume-Pocket_1600886008000.html?priceId=6c7a3585b1934e3885df693710ffce92,searchx-product-e-slider__link,_blank,d_image,area=imgArea&areaContent=mainImg0&target=detail,a2700.galleryofferlist.p_offer.d_image,29,https://s.alicdn.com/@sc04/kf/H54ce9fd9bc8c41fab79ec5b3218a1ecee.jpg_300x300.jpg,searchx-product-e-slider__img rank_id_undefined
https://www.alibaba.com/product-detail/Universal-Crown-Style-Car-Tire-Air_1600212253354.html?priceId=6c7a3585b1934e3885df693710ffce92,searchx-product-e-slider__link,_blank,d_image,area=imgArea&areaContent=mainImg0&target=detail,a2700.galleryofferlist.normal_offer.d_image,44,https://s.alicdn.com/@sc04/kf/H5544e45b156a461d852f8a2f114dee05n.jpg_300x300.jpg,searchx-product-e-slider__img rank_id_undefined
https://www.alibaba.com/product-detail/M8PRO-H1-High-Power-Mini-LED_1601611096560.html?priceId=6c7a3585b1934e3885df693710ffce92,searchx-product-e-slider__link,_blank,d_image,area=imgArea&areaContent=mainImg0&target=detail,a2700.galleryofferlist.p_offer.d_image,58,https://s.alicdn.com/@sc04/kf/H476424d8adf143398c513d4a46d4efb6A.jpg_300x300.jpg,searchx-product-e-slider__img rank_id_undefined
https://www.alibaba.com/product-detail/Vehicle-Accessories-Electronics-Tools-Exterior-Accessories_1600975551643.html?priceId=6c7a3585b1934e3885df693710ffce92,searchx-product-e-slider__link,_blank,d_image,area=imgArea&areaContent=mainImg0&target=detail,a2700.galleryofferlist.normal_offer.d_image,71,https://s.alicdn.com/@sc04/kf/Hce158f58f97649fe99560c0782cca8b93.jpg_300x300.jpg,searchx-product-e-slider__img rank_id_undefined
https://www.alibaba.com/product-detail/High-Brightest-200w-40000-Lumen-Led_1600834100065.html?priceId=6c7a3585b1934e3885df693710ffce92,searchx-product-e-slider__link,_blank,d_image,area=imgArea&areaContent=mainImg0&target=detail,a2700.galleryofferlist.p_offer.d_image,85,https://s.alicdn.com/@sc04/kf/Hf24d1dfaddf748ac85712b4a90795eb71.png_300x300.png,searchx-product-e-slider__img rank_id_undefined
https://www.alibaba.com/product-detail/Automotive-parts-car-General-accessories-connector_1601245262307.html?priceId=6c7a3585b1934e3885df693710ffce92,searchx-product-e-slider__link,_blank,d_image,area=imgArea&areaContent=mainImg0&target=detail,a2700.galleryofferlist.normal_offer.d_image,101,https://s.alicdn.com/@sc04/kf/H27bb0de3e27e4b4cb92ec4d5c31a95a1I.jpg_300x300.jpg,searchx-product-e-slider__img rank_id_undefined
https://www.alibaba.com/product-detail/800-1200Gsm-16-X16-Car-Care_1601566640744.html?priceId=6c7a3585b1934e3885df693710ffce92,searchx-product-e-slider__link,_blank,d_image,area=imgArea&areaContent=mainImg0&target=detail,a2700.galleryofferlist.p_offer.d_image,115,https://s.alicdn.com/@sc04/kf/H16d6ca7121dc4e468760492090824ae9G.jpg_300x300.jpg,searchx-product-e-slider__img rank_id_undefined
https://www.alibaba.com/product-detail/Automotive-Parts-Accessories-Car-Nightlight-Valve_1601211103455.html?priceId=6c7a3585b1934e3885df693710ffce92,searchx-product-e-slider__link,_blank,d_image,area=imgArea&areaContent=mainImg0&target=detail,a2700.galleryofferlist.normal_offer.d_image,130,https://s.alicdn.com/@sc04/kf/H82e12765653e4fd7aaf8115192e17690k.jpg_300x300.jpg,searchx-product-e-slider__img rank_id_undefined
https://www.alibaba.com/product-detail/Wireless-Portable-Mini-Electric-Air-Pump_1601659420326.html?priceId=6c7a3585b1934e3885df693710ffce92,searchx-product-e-slider__link,_blank,d_image,area=imgArea&areaContent=mainImg0&target=detail,a2700.galleryofferlist.p_offer.d_image,143,https://s.alicdn.com/@sc04/kf/He91bb9dedb7740e1986e3b4c7772d373x.jpg_300x300.jpg,searchx-product-e-slider__img rank_id_undefined
https://www.alibaba.com/product-detail/Car-Mood-Lighting-High-Power-Car_1600173689945.html?priceId=6c7a3585b1934e3885df693710ffce92,searchx-product-e-slider__link,_blank,d_image,area=imgArea&areaContent=mainImg0&target=detail,a2700.galleryofferlist.normal_offer.d_image,161,https://s.alicdn.com/@sc04/kf/H2077b2cd773540adabfacdda3a2fb6e8N.jpg_300x300.jpg,searchx-product-e-slider__img rank_id_undefined
https://www.alibaba.com/product-detail/Portable-15-meter-Wall-Mounted-Plastic_1601620976240.html?priceId=6c7a3585b1934e3885df693710ffce92,searchx-product-e-slider__link,_blank,d_image,area=imgArea&areaContent=mainImg0&target=detail,a2700.galleryofferlist.p_offer.d_image,174,https://s.alicdn.com/@sc04/kf/Hab927296a8d4448dad69ec44d3c2b4e9g.jpg_300x300.jpg,searchx-product-e-slider__img rank_id_undefined
https://www.alibaba.com/product-detail/Automotive-Parts-Accessories-Car-Steering-Wheel_1601204530965.html?priceId=6c7a3585b1934e3885df693710ffce92,searchx-product-e-slider__link,_blank,d_image,area=imgArea&areaContent=mainImg0&target=detail,a2700.galleryofferlist.normal_offer.d_image,187,https://s.alicdn.com/@sc04/kf/H5b1d0b6360df41f1bd837b49196a28b0k.jpg_300x300.jpg,searchx-product-e-slider__img rank_id_undefined
https://www.alibaba.com/product-detail/Customized-Car-Air-Freshener-With-Long_1601646371370.html?priceId=6c7a3585b1934e3885df693710ffce92,searchx-product-e-slider__link,_blank,d_image,area=imgArea&areaContent=mainImg0&target=detail,a2700.galleryofferlist.p_offer.d_image,200,https://s.alicdn.com/@sc04/kf/H7142a34e502d40f899c04f37ef265bbb8.jpg_300x300.jpg,searchx-product-e-slider__img rank_id_undefined
https://www.alibaba.com/product-detail/Auto-Accessories_309301018.html?priceId=6c7a3585b1934e3885df693710ffce92,searchx-product-e-slider__link,_blank,d_image,area=imgArea&areaContent=mainImg0&target=detail,a2700.galleryofferlist.normal_offer.d_image,217,https://s.alicdn.com/@sc04/kf/HTB1igc7aznuK1RkSmFPq6AuzFXam.jpg_300x300.jpg,searchx-product-e-slider__img rank_id_undefined
https://www.alibaba.com/product-detail/High-Enquiries-For-Home-Car-Seat_1601432485478.html?priceId=6c7a3585b1934e3885df693710ffce92,searchx-product-e-slider__link,_blank,d_image,area=imgArea&areaContent=mainImg0&target=detail,a2700.galleryofferlist.p_offer.d_image,229,https://s.alicdn.com/@sc04/kf/H2cb3f9ac18244009b378a985c334a6e5s.jpg_300x300.jpg,searchx-product-e-slider__img rank_id_undefined
https://www.alibaba.com/product-detail/Automotive-Parts-General-Accessories_1600944169416.html?priceId=6c7a3585b1934e3885df693710ffce92,searchx-product-e-slider__link,_blank,d_image,area=imgArea&areaContent=mainImg0&target=detail,a2700.galleryofferlist.normal_offer.d_image,246,https://s.alicdn.com/@sc04/kf/H94ae9e9e85ba41cda3d530a50e1e04536.jpg_300x300.jpg,searchx-product-e-slider__img rank_id_undefined
https://www.alibaba.com/product-detail/2025-3mm-Super-Flux-High-Bright_1601645844849.html?priceId=6c7a3585b1934e3885df693710ffce92,searchx-product-e-slider__link,_blank,d_image,area=imgArea&areaContent=mainImg0&target=detail,a2700.galleryofferlist.p_offer.d_image,259,https://s.alicdn.com/@sc04/kf/Hdd6c7ed70c3f48f991c472bf9e15cadcA.jpg_300x300.jpg,searchx-product-e-slider__img rank_id_undefined
https://www.alibaba.com/product-detail/Factory-Price-Automotive-Parts-Accessories-Auto_1601380652360.html?priceId=6c7a3585b1934e3885df693710ffce92,searchx-product-e-slider__link,_blank,d_image,area=imgArea&areaContent=mainImg0&target=detail,a2700.galleryofferlist.normal_offer.d_image,273,https://s.alicdn.com/@sc04/kf/Hde593ba030294485ae4b4e25b21e867ac.png_300x300.png,searchx-product-e-slider__img rank_id_undefined
https://www.alibaba.com/product-detail/2024-Best-Selling-JJPRO-GREENFLY-Smart_1600700636011.html?priceId=6c7a3585b1934e3885df693710ffce92,searchx-product-e-slider__link,_blank,d_image,area=imgArea&areaContent=mainImg0&target=detail,a2700.galleryofferlist.p_offer.d_image,289,https://s.alicdn.com/@sc04/kf/H2c7b01fd840e4c7b875c7447f731d927Y.jpg_300x300.jpg,searchx-product-e-slider__img rank_id_undefined
https://www.alibaba.com/product-detail/auto-accessories-cnc-machining-aluminum-and_1600483510430.html?priceId=6c7a3585b1934e3885df693710ffce92,searchx-product-e-slider__link,_blank,d_image,area=imgArea&areaContent=mainImg0&target=detail,a2700.galleryofferlist.normal_offer.d_image,303,https://s.alicdn.com/@sc04/kf/H24b196db840347cc94c519b118ee8d12s.jpg_300x300.jpg,searchx-product-e-slider__img rank_id_undefined
https://www.alibaba.com/product-detail/Wholesale-15000pa-Strong-Wireless-Brushless-Vacuum_1601651605215.html?priceId=6c7a3585b1934e3885df693710ffce92,searchx-product-e-slider__link,_blank,d_image,area=imgArea&areaContent=mainImg0&target=detail,a2700.galleryofferlist.p_offer.d_image,316,https://s.alicdn.com/@sc04/kf/He998cae101a941aab49109aa77cda7eb9.jpg_300x300.jpg,searchx-product-e-slider__img rank_id_undefined
https://www.alibaba.com/product-detail/Cross-Border-Car-Accessories_1601561196250.html?priceId=6c7a3585b1934e3885df693710ffce92,searchx-product-e-slider__link,_blank,d_image,area=imgArea&areaContent=mainImg0&target=detail,a2700.galleryofferlist.normal_offer.d_image,332,https://s.alicdn.com/@sc04/kf/H73b78be5a94f4c4fb350eec476dcfb5dw.jpg_300x300.jpg,searchx-product-e-slider__img rank_id_undefined
https://www.alibaba.com/product-detail/Factory-Shipment-Universal-DIY-Hand-Sewing_1601484698762.html?priceId=6c7a3585b1934e3885df693710ffce92,searchx-product-e-slider__link,_blank,d_image,area=imgArea&areaContent=mainImg0&target=detail,a2700.galleryofferlist.p_offer.d_image,344,https://s.alicdn.com/@sc04/kf/H947f1d5b10e040d8b8b3fc539d3c77b6k.jpg_300x300.jpg,searchx-product-e-slider__img rank_id_undefined
https://www.alibaba.com/product-detail/Automotive-Parts-Car-General-Accessories-Connector_1600947961462.html?priceId=6c7a3585b1934e3885df693710ffce92,searchx-product-e-slider__link,_blank,d_image,area=imgArea&areaContent=mainImg0&target=detail,a2700.galleryofferlist.normal_offer.d_image,362,https://s.alicdn.com/@sc04/kf/Hff9a2a159f6a42a4a7c1903e6b2c86a8Q.jpg_300x300.jpg,searchx-product-e-slider__img rank_id_undefined
https://www.alibaba.com/product-detail/Automotive-Lighting-Accessories-Polyurethane-PU-Foam_1601630085599.html?priceId=6c7a3585b1934e3885df693710ffce92,searchx-product-e-slider__link,_blank,d_image,area=imgArea&areaContent=mainImg0&target=detail,a2700.galleryofferlist.p_offer.d_image,375,https://s.alicdn.com/@sc04/kf/H80e32ea36c834a278091774144e87f4dH.png_300x300.png,searchx-product-e-slider__img rank_id_undefined
https://www.alibaba.com/product-detail/SenPei-High-Quality-Car-Accessories-Auto_1600784256767.html?priceId=6c7a3585b1934e3885df693710ffce92,searchx-product-e-slider__link,_blank,d_image,area=imgArea&areaContent=mainImg0&target=detail,a2700.galleryofferlist.normal_offer.d_image,387,https://s.alicdn.com/@sc04/kf/H07e54a45a5c544e89e7813bc04c8b3aeh.jpg_300x300.jpg,searchx-product-e-slider__img rank_id_undefined
https://www.alibaba.com/product-detail/KEBOSIED-H4-Mini-Dual-Lens-Automotive_1601636826938.html?priceId=6c7a3585b1934e3885df693710ffce92,searchx-product-e-slider__link,_blank,d_image,area=imgArea&areaContent=mainImg0&target=detail,a2700.galleryofferlist.p_offer.d_image,400,https://s.alicdn.com/@sc04/kf/He0f46b432112498fa714fcb2ec16e110F.jpg_300x300.jpg,searchx-product-e-slider__img rank_id_undefined
https://www.alibaba.com/product-detail/Vehicle-Accessories-Electronics-Tools-Exterior-Accessories_1600982397302.html?priceId=6c7a3585b1934e3885df693710ffce92,searchx-product-e-slider__link,_blank,d_image,area=imgArea&areaContent=mainImg0&target=detail,a2700.galleryofferlist.normal_offer.d_image,418,https://s.alicdn.com/@sc04/kf/Hb9cfe43a942d4b8291f16b17f5fb7bb2N.jpg_300x300.jpg,searchx-product-e-slider__img rank_id_undefined
https://www.alibaba.com/product-detail/Car-mounted-Fragrance-Pendant-Vehicle-Decorative_1601643778822.html?priceId=6c7a3585b1934e3885df693710ffce92,searchx-product-e-slider__link,_blank,d_image,area=imgArea&areaContent=mainImg0&target=detail,a2700.galleryofferlist.p_offer.d_image,432,https://s.alicdn.com/@sc04/kf/H9067db77104242c2b2bd45ddcffb1fb1y.jpg_300x300.jpg,searchx-product-e-slider__img rank_id_undefined
https://www.alibaba.com/product-detail/Car-Tire-Valve-Stem-Cover-Night_1600509921049.html?priceId=6c7a3585b1934e3885df693710ffce92,searchx-product-e-slider__link,_blank,d_image,area=imgArea&areaContent=mainImg0&target=detail,a2700.galleryofferlist.normal_offer.d_image,449,https://s.alicdn.com/@sc04/kf/H746aa233f0a741f3a2a55800a88f213cb.jpg_300x300.jpg,searchx-product-e-slider__img rank_id_undefined
https://www.alibaba.com/product-detail/Free-Sample-Free-Custom-Double-Sided_1601491585078.html?priceId=6c7a3585b1934e3885df693710ffce92,searchx-product-e-slider__link,_blank,d_image,area=imgArea&areaContent=mainImg0&target=detail,a2700.galleryofferlist.p_offer.d_image,462,https://s.alicdn.com/@sc04/kf/H6ab6922b63c144e4befbcb4280b144aev.jpg_300x300.jpg,searchx-product-e-slider__img rank_id_undefined
https://www.alibaba.com/product-detail/Car-Accessories-Illusory-Color-Car-Door_1601001204486.html?priceId=6c7a3585b1934e3885df693710ffce92,searchx-product-e-slider__link,_blank,d_image,area=imgArea&areaContent=mainImg0&target=detail,a2700.galleryofferlist.normal_offer.d_image,476,https://s.alicdn.com/@sc04/kf/H491b79f342c8462f9962e3ece10efe5eA.jpg_300x300.jpg,searchx-product-e-slider__img rank_id_undefined
https://www.alibaba.com/product-detail/Heavy-duty-Black-Rubber-Wheel-With_1601634470777.html?priceId=6c7a3585b1934e3885df693710ffce92,searchx-product-e-slider__link,_blank,d_image,area=imgArea&areaContent=mainImg0&target=detail,a2700.galleryofferlist.p_offer.d_image,491,https://s.alicdn.com/@sc04/kf/H139e6030d8124eb1893f3cbd55f63bfaG.jpg_300x300.jpg,searchx-product-e-slider__img rank_id_undefined
https://www.alibaba.com/product-detail/Vehicle-Accessories-Electronics-Tools-Interior-Accessories_1600975077984.html?priceId=6c7a3585b1934e3885df693710ffce92,searchx-product-e-slider__link,_blank,d_image,area=imgArea&areaContent=mainImg0&target=detail,a2700.galleryofferlist.normal_offer.d_image,504,https://s.alicdn.com/@sc04/kf/H2894d29ade70429ab0736d0664bcd0e59.jpg_300x300.jpg,searchx-product-e-slider__img rank_id_undefined
https://www.alibaba.com/product-detail/Arktech-7020-Led-Cool-White-120_1601621069331.html?priceId=6c7a3585b1934e3885df693710ffce92,searchx-product-e-slider__link,_blank,d_image,area=imgArea&areaContent=mainImg0&target=detail,a2700.galleryofferlist.p_offer.d_image,518,https://s.alicdn.com/@sc04/kf/H930932c2ef2a417b860049799daef28aM.jpg_300x300.jpg,searchx-product-e-slider__img rank_id_undefined
https://www.alibaba.com/product-detail/Vehicle-Accessories-Electronics-Tools-Exterior-Accessories_1600982518898.html?priceId=6c7a3585b1934e3885df693710ffce92,searchx-product-e-slider__link,_blank,d_image,area=imgArea&areaContent=mainImg0&target=detail,a2700.galleryofferlist.normal_offer.d_image,531,https://s.alicdn.com/@sc04/kf/H6c78d2444b594f0eb4db4b714259d98bq.jpg_300x300.jpg,searchx-product-e-slider__img rank_id_undefined
https://www.alibaba.com/product-detail/Car-Wash-Cleaning-Water-Gun-Set_1601598373511.html?priceId=6c7a3585b1934e3885df693710ffce92,searchx-product-e-slider__link,_blank,d_image,area=imgArea&areaContent=mainImg0&target=detail,a2700.galleryofferlist.p_offer.d_image,545,https://s.alicdn.com/@sc04/kf/H1361249ad9b749bdaa5e13a92d110018d.png_300x300.png,searchx-product-e-slider__img rank_id_undefined
https://www.alibaba.com/product-detail/Car-Accessories-Universal-Bullet-Style-Car_1600614980876.html?priceId=6c7a3585b1934e3885df693710ffce92,searchx-product-e-slider__link,_blank,d_image,area=imgArea&areaContent=mainImg0&target=detail,a2700.galleryofferlist.normal_offer.d_image,558,https://s.alicdn.com/@sc04/kf/H0a90a91c8833449aaf41e68cad5a7358w.jpg_300x300.jpg,searchx-product-e-slider__img rank_id_undefined
https://www.alibaba.com/product-detail/Heavy-Duty-Twisted-Loop-Microfiber-Car_1601624971544.html?priceId=6c7a3585b1934e3885df693710ffce92,searchx-product-e-slider__link,_blank,d_image,area=imgArea&areaContent=mainImg0&target=detail,a2700.galleryofferlist.p_offer.d_image,576,https://s.alicdn.com/@sc04/kf/H3cc8ddc3941e4937adc6c7d8298b3f18H.jpg_300x300.jpg,searchx-product-e-slider__img rank_id_undefined
https://www.alibaba.com/product-detail/Customizable-Universal-Led-Shadow-Projector-Step_1600392430227.html?priceId=6c7a3585b1934e3885df693710ffce92,searchx-product-e-slider__link,_blank,d_image,area=imgArea&areaContent=mainImg0&target=detail,a2700.galleryofferlist.normal_offer.d_image,590,https://s.alicdn.com/@sc04/kf/H7b6cd92f13034650baeab213a4df21792.jpg_300x300.jpg,searchx-product-e-slider__img rank_id_undefined
https://www.alibaba.com/product-detail/Factory-Wholesale-Precision-Rapid-Prototype-Machining_1601640274092.html?priceId=6c7a3585b1934e3885df693710ffce92,searchx-product-e-slider__link,_blank,d_image,area=imgArea&areaContent=mainImg0&target=detail,a2700.galleryofferlist.p_offer.d_image,603,https://s.alicdn.com/@sc04/kf/H4ae08f16bb1d436dabd0ce97db776148V.jpg_300x300.jpg,searchx-product-e-slider__img rank_id_undefined
https://www.alibaba.com/product-detail/Car-Door-Opening-Warning-Led-Lights_1600073545678.html?priceId=6c7a3585b1934e3885df693710ffce92,searchx-product-e-slider__link,_blank,d_image,area=imgArea&areaContent=mainImg0&target=detail,a2700.galleryofferlist.normal_offer.d_image,615,https://s.alicdn.com/@sc04/kf/H7ee13b5cf6d0422a82f105db17ac36fdz.jpg_300x300.jpg,searchx-product-e-slider__img rank_id_undefined
https://www.alibaba.com/product-detail/Hot-Selling-China-OEM-High-Hardness_1600893174251.html?priceId=6c7a3585b1934e3885df693710ffce92,searchx-product-e-slider__link,_blank,d_image,area=imgArea&areaContent=mainImg0&target=detail,a2700.galleryofferlist.p_offer.d_image,630,https://s.alicdn.com/@sc04/kf/H18707a150c984b7cbde870cd36d33941C.jpg_300x300.jpg,searchx-product-e-slider__img rank_id_undefined
https://www.alibaba.com/product-detail/Vehicle-Accessories-Electronics-Tools-Exterior-Accessories_1600975624722.html?priceId=6c7a3585b1934e3885df693710ffce92,searchx-product-e-slider__link,_blank,d_image,area=imgArea&areaContent=mainImg0&target=detail,a2700.galleryofferlist.normal_offer.d_image,644,https://s.alicdn.com/@sc04/kf/Hb16103ec1162417c8ac8260efe86138av.jpg_300x300.jpg,searchx-product-e-slider__img rank_id_undefined
https://www.alibaba.com/product-detail/China-Factory-Cheap-Price-High-Quality_1600750456337.html?priceId=6c7a3585b1934e3885df693710ffce92,searchx-product-e-slider__link,_blank,d_image,area=imgArea&areaContent=mainImg0&target=detail,a2700.galleryofferlist.p_offer.d_image,659,https://s.alicdn.com/@sc04/kf/H0999bc49077449eea1517ab543c87843a.jpg_300x300.jpg,searchx-product-e-slider__img rank_id_undefined
https://www.alibaba.com/product-detail/Car-Accessories-Eptfe-Breathable-Waterproof-Plug_1601446087088.html?priceId=6c7a3585b1934e3885df693710ffce92,searchx-product-e-slider__link,_blank,d_image,area=imgArea&areaContent=mainImg0&target=detail,a2700.galleryofferlist.normal_offer.d_image,671,https://s.alicdn.com/@sc04/kf/H1e379574e9be46c59010d91a4c535af3t.jpg_300x300.jpg,searchx-product-e-slider__img rank_id_undefined
