a,href,title
,https://www.zameen.com/Property/lahore_park_view_city_5_marla_brand_new_luxury_house_available_in_park_view_city_in_prime_location-53538422-1466-1.html,5 Marla Brand New Luxury House Available In Park View City In Prime Location
,https://www.zameen.com/Property/dha_defence_dha_phase_6_1_kanal_house_for_sale_in_dha_phase_6_lahore-52964328-1448-1.html,1 Kanal House For Sale In DHA Phase 6 Lahore
,https://www.zameen.com/Property/dha_defence_dha_phase_7_1_kanal_modern_villa_with_basement_for_sale_at_prime_location_of_dha_phase_7_lahore-51424522-1450-1.html,1 KANAL MODERN VILLA WITH BASEMENT FOR SALE AT PRIME LOCATION OF DHA PHASE 7 LAHORE
,https://www.zameen.com/Property/dha_defence_dha_phase_5_2_kanal_brand_new_full_basement_furnished_mansion_with_pool_and_home_theater_for_sale_in_phase_5_dha-48253148-1447-1.html,2 Kanal Brand New Full Basement Furnished Mansion With Pool And Home Theater For Sale In Phase 5 DHA
,https://www.zameen.com/Property/lahore_valencia_housing_society_8_marla_brand_new_super_luxury_ultra_modern_designer_triple_storey_house_for_sale_in_valencia_town-53579642-373-1.html,8 Marla Brand New Super Luxury Ultra Modern Designer Triple Storey House For Sale In Valencia Town
,https://www.zameen.com/Property/harbanspura_aamir_town_6_marla_175_square_feet_double_storey_house_for_sale_in_amir_town_harbanspura_lahore-51847711-3879-1.html,6 Marla 175 Square Feet Double Storey House For Sale In Amir Town Harbanspura Lahore
,https://www.zameen.com/Property/dha_defence_dha_phase_7_1_kanal_5_bed_luxury_house_for_sale_in_dha_phase_7_lahore_demand_7_1_crore-53363274-1450-1.html,1 Kanal 5 Bed Luxury House For Sale In DHA Phase 7 Lahore | Demand 7.1 Crore
,https://www.zameen.com/Property/lahore_bankers_co-operative_housing_society_10_marla_beautiful_banglow_for_sale_ideal_location-53579435-1052-1.html,10 Marla Beautiful Banglow For Sale Ideal Location
,https://www.zameen.com/Property/lahore_shadab_garden_shadaab_garden_5_marla_double_storey_house_for_sale-52834775-4451-1.html,Shadaab Garden 5 Marla Double Storey House For Sale.
,https://www.zameen.com/Property/dha_defence_dha_phase_6_1_kanal_luxury_bungalow_for_sale_at_ideal_location_in_dha_phase_6-52949369-1448-1.html,1 Kanal Luxury Bungalow For Sale At Ideal Location In DHA Phase 6.
,https://www.zameen.com/Property/lahore_park_view_city_5_marla_brand_new_luxury_house_for_sale_in_park_view_city-53549911-1466-1.html,5 Marla Brand New Luxury House For Sale In Park View City
,https://www.zameen.com/Property/dha_phase_7_dha_phase_7_-_block_y_spacious_2_kanal_bungalow_for_sale_in_dha_lahore-53364751-1632-1.html,Spacious 2 Kanal Bungalow for Sale in DHA Lahore
,https://www.zameen.com/Property/dha_defence_dha_phase_5_prime_location_2_kanal_bungalow_full_furnished_dha_lahore-53364571-1447-1.html,Prime Location 2 Kanal Bungalow Full Furnished DHA Lahore
,https://www.zameen.com/Property/raiwind_road_icon_valley_phase_1_modern_fully_furnished_townhouses-53579601-8469-1.html,Modern Fully Furnished Townhouses
,https://www.zameen.com/Property/lahore_jubilee_town_golden_chance_for_investment_in_10_marla_house_in_jubilee_town_lahore-52000415-766-1.html,Golden Chance For Investment In 10 Marla House In Jubilee Town Lahore
,https://www.zameen.com/Property/lahore_izmir_town_brand_new_1_kanal_house_for_sale-53185821-483-1.html,Brand New 1 Kanal House For Sale.
,https://www.zameen.com/Property/model_town_model_town_-_block_b_1_kanal_like_brand_new_house_at_prime_location_at_b_block_model_town_lahore-53156529-1548-1.html,1 Kanal Like Brand New House At Prime Location At B Block Model Town Lahore
,https://www.zameen.com/Property/faisal_town_faisal_town_-_block_a_12_marla_double_storey_house_on_main_road_for_sale_in_a_block_faisal_town_lahore-52929051-3755-1.html,12 Marla Double Storey House on Main Road for Sale in A Block Faisal Town Lahore
,https://www.zameen.com/Property/model_town_model_town_-_block_m_beautiful_10_marla_double_story_house_for_sale_in_m_block_model_town_lahore_with_2_car_porch-52505064-4038-1.html,Beautiful 10 Marla Double Story House for Sale in M Block Model Town Lahore with 2 Car Porch
,https://www.zameen.com/Property/lahore_model_town_2_kanal_fully_furnished_double-storey_house_for_sale_in_model_town_lahore-52367697-8-1.html,"2 Kanal Fully Furnished Double-Storey House For Sale In Model Town, Lahore"
,https://www.zameen.com/Property/pine_avenue_punjab_cooperative_employees_cooperative_housing_society_2_kanal_house_for_sale_in_punjab_cooperative_housing_society_lahore-53439437-19331-1.html,"2 Kanal House for Sale in Punjab Cooperative Housing Society, Lahore"
,https://www.zameen.com/Property/dha_phase_6_dha_phase_6_-_block_k_1_kanal_fully_furnished_luxury_house_with_basement_pool_prime_location_dha-53402230-1619-1.html,1 Kanal Fully Furnished Luxury House with Basement & Pool Prime Location DHA
,https://www.zameen.com/Property/dha_phase_7_dha_phase_7_-_block_y_1_kanal_luxury_bungalow_for_sale_in_dha_lahore_prime_location_modern_design-53393063-1632-1.html,"1 Kanal Luxury Bungalow for Sale in DHA Lahore Prime Location, Modern Design"
,https://www.zameen.com/Property/dha_phase_6_dha_phase_6_-_block_k_luxurious_2_kanal_fully_furnished_designer_bungalow_prime_location_dha_phase_6_block_k_near_park-53406898-1619-1.html,"Luxurious 2 Kanal Fully Furnished Designer Bungalow Prime Location, DHA Phase 6 Block K Near Park"
